Season,DateTime,HomeTeam,AwayTeam,FTHG,FTAG,FTR
2025,2025-08-15T19:00:00Z,Liverpool FC,AFC Bournemouth,4.0,2.0,H
2025,2025-08-16T11:30:00Z,Aston Villa FC,Newcastle United FC,0.0,0.0,D
2025,2025-08-16T14:00:00Z,Brighton & Hove Albion FC,Fulham FC,1.0,1.0,D
2025,2025-08-16T14:00:00Z,Sunderland AFC,West Ham United FC,3.0,0.0,H
2025,2025-08-16T14:00:00Z,Tottenham Hotspur FC,Burnley FC,3.0,0.0,H
2025,2025-08-16T16:30:00Z,Wolverhampton Wanderers FC,Manchester City FC,0.0,4.0,A
2025,2025-08-17T13:00:00Z,Nottingham Forest FC,Brentford FC,3.0,1.0,H
2025,2025-08-17T13:00:00Z,Chelsea FC,Crystal Palace FC,0.0,0.0,D
2025,2025-08-17T15:30:00Z,Manchester United FC,Arsenal FC,0.0,1.0,A
2025,2025-08-18T19:00:00Z,Leeds United FC,Everton FC,1.0,0.0,H
2025,2025-08-22T19:00:00Z,West Ham United FC,Chelsea FC,1.0,5.0,A
2025,2025-08-23T11:30:00Z,Manchester City FC,Tottenham Hotspur FC,0.0,2.0,A
2025,2025-08-23T14:00:00Z,AFC Bournemouth,Wolverhampton Wanderers FC,1.0,0.0,H
2025,2025-08-23T14:00:00Z,Brentford FC,Aston Villa FC,1.0,0.0,H
2025,2025-08-23T14:00:00Z,Burnley FC,Sunderland AFC,2.0,0.0,H
2025,2025-08-23T16:30:00Z,Arsenal FC,Leeds United FC,5.0,0.0,H
2025,2025-08-24T13:00:00Z,Crystal Palace FC,Nottingham Forest FC,1.0,1.0,D
2025,2025-08-24T13:00:00Z,Everton FC,Brighton & Hove Albion FC,2.0,0.0,H
2025,2025-08-24T15:30:00Z,Fulham FC,Manchester United FC,1.0,1.0,D
2025,2025-08-25T19:00:00Z,Newcastle United FC,Liverpool FC,2.0,3.0,A
2025,2025-08-30T11:30:00Z,Chelsea FC,Fulham FC,2.0,0.0,H
2025,2025-08-30T14:00:00Z,Sunderland AFC,Brentford FC,2.0,1.0,H
2025,2025-08-30T14:00:00Z,Manchester United FC,Burnley FC,3.0,2.0,H
2025,2025-08-30T14:00:00Z,Tottenham Hotspur FC,AFC Bournemouth,0.0,1.0,A
2025,2025-08-30T14:00:00Z,Wolverhampton Wanderers FC,Everton FC,2.0,3.0,A
2025,2025-08-30T16:30:00Z,Leeds United FC,Newcastle United FC,0.0,0.0,D
2025,2025-08-31T13:00:00Z,Brighton & Hove Albion FC,Manchester City FC,2.0,1.0,H
2025,2025-08-31T13:00:00Z,Nottingham Forest FC,West Ham United FC,0.0,3.0,A
2025,2025-08-31T15:30:00Z,Liverpool FC,Arsenal FC,1.0,0.0,H
2025,2025-08-31T18:00:00Z,Aston Villa FC,Crystal Palace FC,0.0,3.0,A
2025,2025-09-13T11:30:00Z,Arsenal FC,Nottingham Forest FC,3.0,0.0,H
2025,2025-09-13T14:00:00Z,AFC Bournemouth,Brighton & Hove Albion FC,2.0,1.0,H
2025,2025-09-13T14:00:00Z,Crystal Palace FC,Sunderland AFC,0.0,0.0,D
2025,2025-09-13T14:00:00Z,Everton FC,Aston Villa FC,0.0,0.0,D
2025,2025-09-13T14:00:00Z,Fulham FC,Leeds United FC,1.0,0.0,H
2025,2025-09-13T14:00:00Z,Newcastle United FC,Wolverhampton Wanderers FC,1.0,0.0,H
2025,2025-09-13T16:30:00Z,West Ham United FC,Tottenham Hotspur FC,0.0,3.0,A
2025,2025-09-13T19:00:00Z,Brentford FC,Chelsea FC,2.0,2.0,D
2025,2025-09-14T13:00:00Z,Burnley FC,Liverpool FC,0.0,1.0,A
2025,2025-09-14T15:30:00Z,Manchester City FC,Manchester United FC,3.0,0.0,H
2025,2025-09-20T11:30:00Z,Liverpool FC,Everton FC,2.0,1.0,H
2025,2025-09-20T14:00:00Z,Brighton & Hove Albion FC,Tottenham Hotspur FC,2.0,2.0,D
2025,2025-09-20T14:00:00Z,Burnley FC,Nottingham Forest FC,1.0,1.0,D
2025,2025-09-20T14:00:00Z,West Ham United FC,Crystal Palace FC,1.0,2.0,A
2025,2025-09-20T14:00:00Z,Wolverhampton Wanderers FC,Leeds United FC,1.0,3.0,A
2025,2025-09-20T16:30:00Z,Manchester United FC,Chelsea FC,2.0,1.0,H
2025,2025-09-20T19:00:00Z,Fulham FC,Brentford FC,3.0,1.0,H
2025,2025-09-21T13:00:00Z,AFC Bournemouth,Newcastle United FC,0.0,0.0,D
2025,2025-09-21T13:00:00Z,Sunderland AFC,Aston Villa FC,1.0,1.0,D
2025,2025-09-21T15:30:00Z,Arsenal FC,Manchester City FC,1.0,1.0,D
2025,2025-09-27T11:30:00Z,Brentford FC,Manchester United FC,3.0,1.0,H
2025,2025-09-27T14:00:00Z,Crystal Palace FC,Liverpool FC,2.0,1.0,H
2025,2025-09-27T14:00:00Z,Chelsea FC,Brighton & Hove Albion FC,1.0,3.0,A
2025,2025-09-27T14:00:00Z,Leeds United FC,AFC Bournemouth,2.0,2.0,D
2025,2025-09-27T14:00:00Z,Manchester City FC,Burnley FC,5.0,1.0,H
2025,2025-09-27T16:30:00Z,Nottingham Forest FC,Sunderland AFC,0.0,1.0,A
2025,2025-09-27T19:00:00Z,Tottenham Hotspur FC,Wolverhampton Wanderers FC,1.0,1.0,D
2025,2025-09-28T13:00:00Z,Aston Villa FC,Fulham FC,3.0,1.0,H
2025,2025-09-28T15:30:00Z,Newcastle United FC,Arsenal FC,1.0,2.0,A
2025,2025-09-29T19:00:00Z,Everton FC,West Ham United FC,1.0,1.0,D
2025,2025-10-03T19:00:00Z,AFC Bournemouth,Fulham FC,3.0,1.0,H
2025,2025-10-04T11:30:00Z,Leeds United FC,Tottenham Hotspur FC,1.0,2.0,A
2025,2025-10-04T14:00:00Z,Arsenal FC,West Ham United FC,2.0,0.0,H
2025,2025-10-04T14:00:00Z,Manchester United FC,Sunderland AFC,2.0,0.0,H
2025,2025-10-04T16:30:00Z,Chelsea FC,Liverpool FC,2.0,1.0,H
2025,2025-10-05T13:00:00Z,Aston Villa FC,Burnley FC,2.0,1.0,H
2025,2025-10-05T13:00:00Z,Everton FC,Crystal Palace FC,2.0,1.0,H
2025,2025-10-05T13:00:00Z,Newcastle United FC,Nottingham Forest FC,2.0,0.0,H
2025,2025-10-05T13:00:00Z,Wolverhampton Wanderers FC,Brighton & Hove Albion FC,1.0,1.0,D
2025,2025-10-05T15:30:00Z,Brentford FC,Manchester City FC,0.0,1.0,A
2025,2025-10-18T11:30:00Z,Nottingham Forest FC,Chelsea FC,0.0,3.0,A
2025,2025-10-18T14:00:00Z,Brighton & Hove Albion FC,Newcastle United FC,2.0,1.0,H
2025,2025-10-18T14:00:00Z,Crystal Palace FC,AFC Bournemouth,3.0,3.0,D
2025,2025-10-18T14:00:00Z,Burnley FC,Leeds United FC,2.0,0.0,H
2025,2025-10-18T14:00:00Z,Manchester City FC,Everton FC,2.0,0.0,H
2025,2025-10-18T14:00:00Z,Sunderland AFC,Wolverhampton Wanderers FC,2.0,0.0,H
2025,2025-10-18T16:30:00Z,Fulham FC,Arsenal FC,0.0,1.0,A
2025,2025-10-19T13:00:00Z,Tottenham Hotspur FC,Aston Villa FC,1.0,2.0,A
2025,2025-10-19T15:30:00Z,Liverpool FC,Manchester United FC,1.0,2.0,A
2025,2025-10-20T19:00:00Z,West Ham United FC,Brentford FC,0.0,2.0,A
2025,2025-10-24T19:00:00Z,Leeds United FC,West Ham United FC,2.0,1.0,H
2025,2025-10-25T14:00:00Z,Chelsea FC,Sunderland AFC,1.0,2.0,A
2025,2025-10-25T14:00:00Z,Newcastle United FC,Fulham FC,2.0,1.0,H
2025,2025-10-25T16:30:00Z,Manchester United FC,Brighton & Hove Albion FC,4.0,2.0,H
2025,2025-10-25T19:00:00Z,Brentford FC,Liverpool FC,3.0,2.0,H
2025,2025-10-26T14:00:00Z,AFC Bournemouth,Nottingham Forest FC,2.0,0.0,H
2025,2025-10-26T14:00:00Z,Aston Villa FC,Manchester City FC,1.0,0.0,H
2025,2025-10-26T14:00:00Z,Arsenal FC,Crystal Palace FC,1.0,0.0,H
2025,2025-10-26T14:00:00Z,Wolverhampton Wanderers FC,Burnley FC,2.0,3.0,A
2025,2025-10-26T16:30:00Z,Everton FC,Tottenham Hotspur FC,0.0,3.0,A
2025,2025-11-01T15:00:00Z,Brighton & Hove Albion FC,Leeds United FC,3.0,0.0,H
2025,2025-11-01T15:00:00Z,Crystal Palace FC,Brentford FC,2.0,0.0,H
2025,2025-11-01T15:00:00Z,Burnley FC,Arsenal FC,0.0,2.0,A
2025,2025-11-01T15:00:00Z,Fulham FC,Wolverhampton Wanderers FC,3.0,0.0,H
2025,2025-11-01T15:00:00Z,Nottingham Forest FC,Manchester United FC,2.0,2.0,D
2025,2025-11-01T17:30:00Z,Tottenham Hotspur FC,Chelsea FC,0.0,1.0,A
2025,2025-11-01T20:00:00Z,Liverpool FC,Aston Villa FC,2.0,0.0,H
2025,2025-11-02T14:00:00Z,West Ham United FC,Newcastle United FC,3.0,1.0,H
2025,2025-11-02T16:30:00Z,Manchester City FC,AFC Bournemouth,3.0,1.0,H
2025,2025-11-03T20:00:00Z,Sunderland AFC,Everton FC,,,
2025,2025-11-08T12:30:00Z,Tottenham Hotspur FC,Manchester United FC,,,
2025,2025-11-08T15:00:00Z,Everton FC,Fulham FC,,,
2025,2025-11-08T15:00:00Z,West Ham United FC,Burnley FC,,,
2025,2025-11-08T17:30:00Z,Sunderland AFC,Arsenal FC,,,
2025,2025-11-08T20:00:00Z,Chelsea FC,Wolverhampton Wanderers FC,,,
2025,2025-11-09T14:00:00Z,Aston Villa FC,AFC Bournemouth,,,
2025,2025-11-09T14:00:00Z,Crystal Palace FC,Brighton & Hove Albion FC,,,
2025,2025-11-09T14:00:00Z,Brentford FC,Newcastle United FC,,,
2025,2025-11-09T14:00:00Z,Nottingham Forest FC,Leeds United FC,,,
2025,2025-11-09T16:30:00Z,Manchester City FC,Liverpool FC,,,
2025,2025-11-22T12:30:00Z,Burnley FC,Chelsea FC,,,
2025,2025-11-22T15:00:00Z,AFC Bournemouth,West Ham United FC,,,
2025,2025-11-22T15:00:00Z,Brighton & Hove Albion FC,Brentford FC,,,
2025,2025-11-22T15:00:00Z,Fulham FC,Sunderland AFC,,,
2025,2025-11-22T15:00:00Z,Liverpool FC,Nottingham Forest FC,,,
2025,2025-11-22T15:00:00Z,Wolverhampton Wanderers FC,Crystal Palace FC,,,
2025,2025-11-22T17:30:00Z,Newcastle United FC,Manchester City FC,,,
2025,2025-11-23T14:00:00Z,Leeds United FC,Aston Villa FC,,,
2025,2025-11-23T16:30:00Z,Arsenal FC,Tottenham Hotspur FC,,,
2025,2025-11-24T20:00:00Z,Manchester United FC,Everton FC,,,
2025,2025-11-29T15:00:00Z,Sunderland AFC,AFC Bournemouth,,,
2025,2025-11-29T15:00:00Z,Brentford FC,Burnley FC,,,
2025,2025-11-29T15:00:00Z,Manchester City FC,Leeds United FC,,,
2025,2025-11-29T17:30:00Z,Everton FC,Newcastle United FC,,,
2025,2025-11-29T20:00:00Z,Tottenham Hotspur FC,Fulham FC,,,
2025,2025-11-30T12:00:00Z,Crystal Palace FC,Manchester United FC,,,
2025,2025-11-30T14:05:00Z,Aston Villa FC,Wolverhampton Wanderers FC,,,
2025,2025-11-30T14:05:00Z,Nottingham Forest FC,Brighton & Hove Albion FC,,,
2025,2025-11-30T14:05:00Z,West Ham United FC,Liverpool FC,,,
2025,2025-11-30T16:30:00Z,Chelsea FC,Arsenal FC,,,
2025,2025-12-02T19:30:00Z,AFC Bournemouth,Everton FC,,,
2025,2025-12-02T19:30:00Z,Fulham FC,Manchester City FC,,,
2025,2025-12-02T20:15:00Z,Newcastle United FC,Tottenham Hotspur FC,,,
2025,2025-12-03T19:30:00Z,Brighton & Hove Albion FC,Aston Villa FC,,,
2025,2025-12-03T19:30:00Z,Arsenal FC,Brentford FC,,,
2025,2025-12-03T19:30:00Z,Burnley FC,Crystal Palace FC,,,
2025,2025-12-03T19:30:00Z,Wolverhampton Wanderers FC,Nottingham Forest FC,,,
2025,2025-12-03T20:15:00Z,Liverpool FC,Sunderland AFC,,,
2025,2025-12-03T20:15:00Z,Leeds United FC,Chelsea FC,,,
2025,2025-12-04T20:00:00Z,Manchester United FC,West Ham United FC,,,
2025,2025-12-06T12:30:00Z,Aston Villa FC,Arsenal FC,,,
2025,2025-12-06T15:00:00Z,AFC Bournemouth,Chelsea FC,,,
2025,2025-12-06T15:00:00Z,Everton FC,Nottingham Forest FC,,,
2025,2025-12-06T15:00:00Z,Manchester City FC,Sunderland AFC,,,
2025,2025-12-06T15:00:00Z,Newcastle United FC,Burnley FC,,,
2025,2025-12-06T15:00:00Z,Tottenham Hotspur FC,Brentford FC,,,
2025,2025-12-06T17:30:00Z,Leeds United FC,Liverpool FC,,,
2025,2025-12-07T14:00:00Z,Brighton & Hove Albion FC,West Ham United FC,,,
2025,2025-12-07T16:30:00Z,Fulham FC,Crystal Palace FC,,,
2025,2025-12-08T20:00:00Z,Wolverhampton Wanderers FC,Manchester United FC,,,
2025,2025-12-13T15:00:00Z,Chelsea FC,Everton FC,,,
2025,2025-12-13T15:00:00Z,Liverpool FC,Brighton & Hove Albion FC,,,
2025,2025-12-13T17:30:00Z,Burnley FC,Fulham FC,,,
2025,2025-12-13T20:00:00Z,Arsenal FC,Wolverhampton Wanderers FC,,,
2025,2025-12-14T14:00:00Z,Sunderland AFC,Newcastle United FC,,,
2025,2025-12-14T14:00:00Z,Crystal Palace FC,Manchester City FC,,,
2025,2025-12-14T14:00:00Z,Nottingham Forest FC,Tottenham Hotspur FC,,,
2025,2025-12-14T14:00:00Z,West Ham United FC,Aston Villa FC,,,
2025,2025-12-14T16:30:00Z,Brentford FC,Leeds United FC,,,
2025,2025-12-15T20:00:00Z,Manchester United FC,AFC Bournemouth,,,
2025,2025-12-20T12:30:00Z,Newcastle United FC,Chelsea FC,,,
2025,2025-12-20T15:00:00Z,AFC Bournemouth,Burnley FC,,,
2025,2025-12-20T15:00:00Z,Brighton & Hove Albion FC,Sunderland AFC,,,
2025,2025-12-20T15:00:00Z,Manchester City FC,West Ham United FC,,,
2025,2025-12-20T15:00:00Z,Wolverhampton Wanderers FC,Brentford FC,,,
2025,2025-12-20T17:30:00Z,Tottenham Hotspur FC,Liverpool FC,,,
2025,2025-12-21T14:00:00Z,Everton FC,Arsenal FC,,,
2025,2025-12-21T14:00:00Z,Leeds United FC,Crystal Palace FC,,,
2025,2025-12-21T16:30:00Z,Aston Villa FC,Manchester United FC,,,
2025,2025-12-22T20:00:00Z,Fulham FC,Nottingham Forest FC,,,
2025,2025-12-26T20:00:00Z,Manchester United FC,Newcastle United FC,,,
2025,2025-12-27T12:30:00Z,Nottingham Forest FC,Manchester City FC,,,
2025,2025-12-27T15:00:00Z,Arsenal FC,Brighton & Hove Albion FC,,,
2025,2025-12-27T15:00:00Z,Brentford FC,AFC Bournemouth,,,
2025,2025-12-27T15:00:00Z,Burnley FC,Everton FC,,,
2025,2025-12-27T15:00:00Z,Liverpool FC,Wolverhampton Wanderers FC,,,
2025,2025-12-27T15:00:00Z,West Ham United FC,Fulham FC,,,
2025,2025-12-27T17:30:00Z,Chelsea FC,Aston Villa FC,,,
2025,2025-12-28T14:00:00Z,Sunderland AFC,Leeds United FC,,,
2025,2025-12-28T16:30:00Z,Crystal Palace FC,Tottenham Hotspur FC,,,
2025,2025-12-30T19:30:00Z,Burnley FC,Newcastle United FC,,,
2025,2025-12-30T19:30:00Z,Chelsea FC,AFC Bournemouth,,,
2025,2025-12-30T19:30:00Z,Nottingham Forest FC,Everton FC,,,
2025,2025-12-30T19:30:00Z,West Ham United FC,Brighton & Hove Albion FC,,,
2025,2025-12-30T20:15:00Z,Arsenal FC,Aston Villa FC,,,
2025,2025-12-30T20:15:00Z,Manchester United FC,Wolverhampton Wanderers FC,,,
2025,2026-01-01T17:30:00Z,Crystal Palace FC,Fulham FC,,,
2025,2026-01-01T17:30:00Z,Liverpool FC,Leeds United FC,,,
2025,2026-01-01T20:00:00Z,Sunderland AFC,Manchester City FC,,,
2025,2026-01-01T20:00:00Z,Brentford FC,Tottenham Hotspur FC,,,
2025,2026-01-03T12:30:00Z,Aston Villa FC,Nottingham Forest FC,,,
2025,2026-01-03T15:00:00Z,Brighton & Hove Albion FC,Burnley FC,,,
2025,2026-01-03T15:00:00Z,Wolverhampton Wanderers FC,West Ham United FC,,,
2025,2026-01-03T17:30:00Z,AFC Bournemouth,Arsenal FC,,,
2025,2026-01-04T12:30:00Z,Leeds United FC,Manchester United FC,,,
2025,2026-01-04T15:00:00Z,Everton FC,Brentford FC,,,
2025,2026-01-04T15:00:00Z,Fulham FC,Liverpool FC,,,
2025,2026-01-04T15:00:00Z,Newcastle United FC,Crystal Palace FC,,,
2025,2026-01-04T15:00:00Z,Tottenham Hotspur FC,Sunderland AFC,,,
2025,2026-01-04T17:30:00Z,Manchester City FC,Chelsea FC,,,
2025,2026-01-06T20:00:00Z,West Ham United FC,Nottingham Forest FC,,,
2025,2026-01-07T19:30:00Z,AFC Bournemouth,Tottenham Hotspur FC,,,
2025,2026-01-07T19:30:00Z,Crystal Palace FC,Aston Villa FC,,,
2025,2026-01-07T19:30:00Z,Brentford FC,Sunderland AFC,,,
2025,2026-01-07T19:30:00Z,Everton FC,Wolverhampton Wanderers FC,,,
2025,2026-01-07T19:30:00Z,Fulham FC,Chelsea FC,,,
2025,2026-01-07T19:30:00Z,Manchester City FC,Brighton & Hove Albion FC,,,
2025,2026-01-07T20:15:00Z,Burnley FC,Manchester United FC,,,
2025,2026-01-07T20:15:00Z,Newcastle United FC,Leeds United FC,,,
2025,2026-01-08T20:00:00Z,Arsenal FC,Liverpool FC,,,
2025,2026-01-17T00:00:00Z,Sunderland AFC,Crystal Palace FC,,,
2025,2026-01-17T00:00:00Z,Aston Villa FC,Everton FC,,,
2025,2026-01-17T00:00:00Z,Brighton & Hove Albion FC,AFC Bournemouth,,,
2025,2026-01-17T00:00:00Z,Chelsea FC,Brentford FC,,,
2025,2026-01-17T00:00:00Z,Liverpool FC,Burnley FC,,,
2025,2026-01-17T00:00:00Z,Leeds United FC,Fulham FC,,,
2025,2026-01-17T00:00:00Z,Manchester United FC,Manchester City FC,,,
2025,2026-01-17T00:00:00Z,Nottingham Forest FC,Arsenal FC,,,
2025,2026-01-17T00:00:00Z,Tottenham Hotspur FC,West Ham United FC,,,
2025,2026-01-17T00:00:00Z,Wolverhampton Wanderers FC,Newcastle United FC,,,
2025,2026-01-24T00:00:00Z,AFC Bournemouth,Liverpool FC,,,
2025,2026-01-24T00:00:00Z,Crystal Palace FC,Chelsea FC,,,
2025,2026-01-24T00:00:00Z,Arsenal FC,Manchester United FC,,,
2025,2026-01-24T00:00:00Z,Brentford FC,Nottingham Forest FC,,,
2025,2026-01-24T00:00:00Z,Burnley FC,Tottenham Hotspur FC,,,
2025,2026-01-24T00:00:00Z,Everton FC,Leeds United FC,,,
2025,2026-01-24T00:00:00Z,Fulham FC,Brighton & Hove Albion FC,,,
2025,2026-01-24T00:00:00Z,Manchester City FC,Wolverhampton Wanderers FC,,,
2025,2026-01-24T00:00:00Z,Newcastle United FC,Aston Villa FC,,,
2025,2026-01-24T00:00:00Z,West Ham United FC,Sunderland AFC,,,
2025,2026-01-31T00:00:00Z,Sunderland AFC,Burnley FC,,,
2025,2026-01-31T00:00:00Z,Aston Villa FC,Brentford FC,,,
2025,2026-01-31T00:00:00Z,Brighton & Hove Albion FC,Everton FC,,,
2025,2026-01-31T00:00:00Z,Chelsea FC,West Ham United FC,,,
2025,2026-01-31T00:00:00Z,Liverpool FC,Newcastle United FC,,,
2025,2026-01-31T00:00:00Z,Leeds United FC,Arsenal FC,,,
2025,2026-01-31T00:00:00Z,Manchester United FC,Fulham FC,,,
2025,2026-01-31T00:00:00Z,Nottingham Forest FC,Crystal Palace FC,,,
2025,2026-01-31T00:00:00Z,Tottenham Hotspur FC,Manchester City FC,,,
2025,2026-01-31T00:00:00Z,Wolverhampton Wanderers FC,AFC Bournemouth,,,
2025,2026-02-07T00:00:00Z,AFC Bournemouth,Aston Villa FC,,,
2025,2026-02-07T00:00:00Z,Brighton & Hove Albion FC,Crystal Palace FC,,,
2025,2026-02-07T00:00:00Z,Arsenal FC,Sunderland AFC,,,
2025,2026-02-07T00:00:00Z,Burnley FC,West Ham United FC,,,
2025,2026-02-07T00:00:00Z,Fulham FC,Everton FC,,,
2025,2026-02-07T00:00:00Z,Liverpool FC,Manchester City FC,,,
2025,2026-02-07T00:00:00Z,Leeds United FC,Nottingham Forest FC,,,
2025,2026-02-07T00:00:00Z,Manchester United FC,Tottenham Hotspur FC,,,
2025,2026-02-07T00:00:00Z,Newcastle United FC,Brentford FC,,,
2025,2026-02-07T00:00:00Z,Wolverhampton Wanderers FC,Chelsea FC,,,
2025,2026-02-11T00:00:00Z,Sunderland AFC,Liverpool FC,,,
2025,2026-02-11T00:00:00Z,Aston Villa FC,Brighton & Hove Albion FC,,,
2025,2026-02-11T00:00:00Z,Crystal Palace FC,Burnley FC,,,
2025,2026-02-11T00:00:00Z,Brentford FC,Arsenal FC,,,
2025,2026-02-11T00:00:00Z,Chelsea FC,Leeds United FC,,,
2025,2026-02-11T00:00:00Z,Everton FC,AFC Bournemouth,,,
2025,2026-02-11T00:00:00Z,Manchester City FC,Fulham FC,,,
2025,2026-02-11T00:00:00Z,Nottingham Forest FC,Wolverhampton Wanderers FC,,,
2025,2026-02-11T00:00:00Z,Tottenham Hotspur FC,Newcastle United FC,,,
2025,2026-02-11T00:00:00Z,West Ham United FC,Manchester United FC,,,
2025,2026-02-21T00:00:00Z,Sunderland AFC,Fulham FC,,,
2025,2026-02-21T00:00:00Z,Aston Villa FC,Leeds United FC,,,
2025,2026-02-21T00:00:00Z,Crystal Palace FC,Wolverhampton Wanderers FC,,,
2025,2026-02-21T00:00:00Z,Brentford FC,Brighton & Hove Albion FC,,,
2025,2026-02-21T00:00:00Z,Chelsea FC,Burnley FC,,,
2025,2026-02-21T00:00:00Z,Everton FC,Manchester United FC,,,
2025,2026-02-21T00:00:00Z,Manchester City FC,Newcastle United FC,,,
2025,2026-02-21T00:00:00Z,Nottingham Forest FC,Liverpool FC,,,
2025,2026-02-21T00:00:00Z,Tottenham Hotspur FC,Arsenal FC,,,
2025,2026-02-21T00:00:00Z,West Ham United FC,AFC Bournemouth,,,
2025,2026-02-28T00:00:00Z,AFC Bournemouth,Sunderland AFC,,,
2025,2026-02-28T00:00:00Z,Brighton & Hove Albion FC,Nottingham Forest FC,,,
2025,2026-02-28T00:00:00Z,Arsenal FC,Chelsea FC,,,
2025,2026-02-28T00:00:00Z,Burnley FC,Brentford FC,,,
2025,2026-02-28T00:00:00Z,Fulham FC,Tottenham Hotspur FC,,,
2025,2026-02-28T00:00:00Z,Liverpool FC,West Ham United FC,,,
2025,2026-02-28T00:00:00Z,Leeds United FC,Manchester City FC,,,
2025,2026-02-28T00:00:00Z,Manchester United FC,Crystal Palace FC,,,
2025,2026-02-28T00:00:00Z,Newcastle United FC,Everton FC,,,
2025,2026-02-28T00:00:00Z,Wolverhampton Wanderers FC,Aston Villa FC,,,
2025,2026-03-04T00:00:00Z,AFC Bournemouth,Brentford FC,,,
2025,2026-03-04T00:00:00Z,Aston Villa FC,Chelsea FC,,,
2025,2026-03-04T00:00:00Z,Brighton & Hove Albion FC,Arsenal FC,,,
2025,2026-03-04T00:00:00Z,Everton FC,Burnley FC,,,
2025,2026-03-04T00:00:00Z,Fulham FC,West Ham United FC,,,
2025,2026-03-04T00:00:00Z,Leeds United FC,Sunderland AFC,,,
2025,2026-03-04T00:00:00Z,Manchester City FC,Nottingham Forest FC,,,
2025,2026-03-04T00:00:00Z,Newcastle United FC,Manchester United FC,,,
2025,2026-03-04T00:00:00Z,Tottenham Hotspur FC,Crystal Palace FC,,,
2025,2026-03-04T00:00:00Z,Wolverhampton Wanderers FC,Liverpool FC,,,
2025,2026-03-14T00:00:00Z,Sunderland AFC,Brighton & Hove Albion FC,,,
2025,2026-03-14T00:00:00Z,Crystal Palace FC,Leeds United FC,,,
2025,2026-03-14T00:00:00Z,Arsenal FC,Everton FC,,,
2025,2026-03-14T00:00:00Z,Brentford FC,Wolverhampton Wanderers FC,,,
2025,2026-03-14T00:00:00Z,Burnley FC,AFC Bournemouth,,,
2025,2026-03-14T00:00:00Z,Chelsea FC,Newcastle United FC,,,
2025,2026-03-14T00:00:00Z,Liverpool FC,Tottenham Hotspur FC,,,
2025,2026-03-14T00:00:00Z,Manchester United FC,Aston Villa FC,,,
2025,2026-03-14T00:00:00Z,Nottingham Forest FC,Fulham FC,,,
2025,2026-03-14T00:00:00Z,West Ham United FC,Manchester City FC,,,
2025,2026-03-21T00:00:00Z,AFC Bournemouth,Manchester United FC,,,
2025,2026-03-21T00:00:00Z,Aston Villa FC,West Ham United FC,,,
2025,2026-03-21T00:00:00Z,Brighton & Hove Albion FC,Liverpool FC,,,
2025,2026-03-21T00:00:00Z,Everton FC,Chelsea FC,,,
2025,2026-03-21T00:00:00Z,Fulham FC,Burnley FC,,,
2025,2026-03-21T00:00:00Z,Leeds United FC,Brentford FC,,,
2025,2026-03-21T00:00:00Z,Manchester City FC,Crystal Palace FC,,,
2025,2026-03-21T00:00:00Z,Newcastle United FC,Sunderland AFC,,,
2025,2026-03-21T00:00:00Z,Tottenham Hotspur FC,Nottingham Forest FC,,,
2025,2026-03-21T00:00:00Z,Wolverhampton Wanderers FC,Arsenal FC,,,
2025,2026-04-11T00:00:00Z,Sunderland AFC,Tottenham Hotspur FC,,,
2025,2026-04-11T00:00:00Z,Crystal Palace FC,Newcastle United FC,,,
2025,2026-04-11T00:00:00Z,Arsenal FC,AFC Bournemouth,,,
2025,2026-04-11T00:00:00Z,Brentford FC,Everton FC,,,
2025,2026-04-11T00:00:00Z,Burnley FC,Brighton & Hove Albion FC,,,
2025,2026-04-11T00:00:00Z,Chelsea FC,Manchester City FC,,,
2025,2026-04-11T00:00:00Z,Liverpool FC,Fulham FC,,,
2025,2026-04-11T00:00:00Z,Manchester United FC,Leeds United FC,,,
2025,2026-04-11T00:00:00Z,Nottingham Forest FC,Aston Villa FC,,,
2025,2026-04-11T00:00:00Z,West Ham United FC,Wolverhampton Wanderers FC,,,
2025,2026-04-18T00:00:00Z,Newcastle United FC,AFC Bournemouth,,,
2025,2026-04-18T00:00:00Z,Nottingham Forest FC,Burnley FC,,,
2025,2026-04-18T00:00:00Z,Tottenham Hotspur FC,Brighton & Hove Albion FC,,,
2025,2026-04-18T00:00:00Z,Aston Villa FC,Sunderland AFC,,,
2025,2026-04-18T00:00:00Z,Crystal Palace FC,West Ham United FC,,,
2025,2026-04-18T00:00:00Z,Brentford FC,Fulham FC,,,
2025,2026-04-18T00:00:00Z,Chelsea FC,Manchester United FC,,,
2025,2026-04-18T00:00:00Z,Everton FC,Liverpool FC,,,
2025,2026-04-18T00:00:00Z,Leeds United FC,Wolverhampton Wanderers FC,,,
2025,2026-04-18T00:00:00Z,Manchester City FC,Arsenal FC,,,
2025,2026-04-25T00:00:00Z,AFC Bournemouth,Leeds United FC,,,
2025,2026-04-25T00:00:00Z,Sunderland AFC,Nottingham Forest FC,,,
2025,2026-04-25T00:00:00Z,Brighton & Hove Albion FC,Chelsea FC,,,
2025,2026-04-25T00:00:00Z,Arsenal FC,Newcastle United FC,,,
2025,2026-04-25T00:00:00Z,Burnley FC,Manchester City FC,,,
2025,2026-04-25T00:00:00Z,Fulham FC,Aston Villa FC,,,
2025,2026-04-25T00:00:00Z,Liverpool FC,Crystal Palace FC,,,
2025,2026-04-25T00:00:00Z,Manchester United FC,Brentford FC,,,
2025,2026-04-25T00:00:00Z,West Ham United FC,Everton FC,,,
2025,2026-04-25T00:00:00Z,Wolverhampton Wanderers FC,Tottenham Hotspur FC,,,
2025,2026-05-02T00:00:00Z,AFC Bournemouth,Crystal Palace FC,,,
2025,2026-05-02T00:00:00Z,Aston Villa FC,Tottenham Hotspur FC,,,
2025,2026-05-02T00:00:00Z,Arsenal FC,Fulham FC,,,
2025,2026-05-02T00:00:00Z,Brentford FC,West Ham United FC,,,
2025,2026-05-02T00:00:00Z,Chelsea FC,Nottingham Forest FC,,,
2025,2026-05-02T00:00:00Z,Everton FC,Manchester City FC,,,
2025,2026-05-02T00:00:00Z,Leeds United FC,Burnley FC,,,
2025,2026-05-02T00:00:00Z,Manchester United FC,Liverpool FC,,,
2025,2026-05-02T00:00:00Z,Newcastle United FC,Brighton & Hove Albion FC,,,
2025,2026-05-02T00:00:00Z,Wolverhampton Wanderers FC,Sunderland AFC,,,
2025,2026-05-09T00:00:00Z,Sunderland AFC,Manchester United FC,,,
2025,2026-05-09T00:00:00Z,Brighton & Hove Albion FC,Wolverhampton Wanderers FC,,,
2025,2026-05-09T00:00:00Z,Crystal Palace FC,Everton FC,,,
2025,2026-05-09T00:00:00Z,Burnley FC,Aston Villa FC,,,
2025,2026-05-09T00:00:00Z,Fulham FC,AFC Bournemouth,,,
2025,2026-05-09T00:00:00Z,Liverpool FC,Chelsea FC,,,
2025,2026-05-09T00:00:00Z,Manchester City FC,Brentford FC,,,
2025,2026-05-09T00:00:00Z,Nottingham Forest FC,Newcastle United FC,,,
2025,2026-05-09T00:00:00Z,Tottenham Hotspur FC,Leeds United FC,,,
2025,2026-05-09T00:00:00Z,West Ham United FC,Arsenal FC,,,
2025,2026-05-17T00:00:00Z,AFC Bournemouth,Manchester City FC,,,
2025,2026-05-17T00:00:00Z,Aston Villa FC,Liverpool FC,,,
2025,2026-05-17T00:00:00Z,Arsenal FC,Burnley FC,,,
2025,2026-05-17T00:00:00Z,Brentford FC,Crystal Palace FC,,,
2025,2026-05-17T00:00:00Z,Chelsea FC,Tottenham Hotspur FC,,,
2025,2026-05-17T00:00:00Z,Everton FC,Sunderland AFC,,,
2025,2026-05-17T00:00:00Z,Leeds United FC,Brighton & Hove Albion FC,,,
2025,2026-05-17T00:00:00Z,Manchester United FC,Nottingham Forest FC,,,
2025,2026-05-17T00:00:00Z,Newcastle United FC,West Ham United FC,,,
2025,2026-05-17T00:00:00Z,Wolverhampton Wanderers FC,Fulham FC,,,
2025,2026-05-24T00:00:00Z,Sunderland AFC,Chelsea FC,,,
2025,2026-05-24T00:00:00Z,Brighton & Hove Albion FC,Manchester United FC,,,
2025,2026-05-24T00:00:00Z,Crystal Palace FC,Arsenal FC,,,
2025,2026-05-24T00:00:00Z,Burnley FC,Wolverhampton Wanderers FC,,,
2025,2026-05-24T00:00:00Z,Fulham FC,Newcastle United FC,,,
2025,2026-05-24T00:00:00Z,Liverpool FC,Brentford FC,,,
2025,2026-05-24T00:00:00Z,Manchester City FC,Aston Villa FC,,,
2025,2026-05-24T00:00:00Z,Nottingham Forest FC,AFC Bournemouth,,,
2025,2026-05-24T00:00:00Z,Tottenham Hotspur FC,Everton FC,,,
2025,2026-05-24T00:00:00Z,West Ham United FC,Leeds United FC,,,
